{"cameraMode":{"drawMode":0,"name":"Shaded","section":"Shading Mode"},"sceneLighting":true,"audioPlay":false,"sceneViewState":{"showFog":true,"showMaterialUpdate":true,"showSkybox":true,"showFlares":true,"showImageEffects":true,"showParticleSystems":true},"in2DMode":false,"pivot":{"x":119.14505767822266,"y":3.856820583343506,"z":-65.0193099975586},"rotation":{"x":0.06908043473958969,"y":-0.6781589984893799,"z":0.0642775297164917,"w":0.7288327217102051},"size":22.84587860107422,"orthographic":true}